iso_code,location,date,total_cases,new_cases,total_deaths,new_deaths,total_cases_per_million,new_cases_per_million,total_deaths_per_million,new_deaths_per_million,total_tests,new_tests,new_tests_smoothed,total_tests_per_thousand,new_tests_per_thousand,new_tests_smoothed_per_thousand,tests_units,stringency_index,population,population_density,median_age,aged_65_older,aged_70_older,gdp_per_capita,extreme_poverty,cvd_death_rate,diabetes_prevalence,female_smokers,male_smokers,handwashing_facilities,hospital_beds_per_100k
PER,Peru,2020-03-04,0,0,0,0,,,,,107.0,,3,,,,units unclear,0.0,32971846.0,25129,29.1,7151,4455,12236706,3.5,85755,5.95,4.8,,,1.6
PER,Peru,2020-03-05,0,0,0,0,,,,,,,,,,,units unclear,11.11,32971846.0,25129,29.1,7151,4455,12236706,3.5,85755,5.95,4.8,,,1.6
PER,Peru,2020-03-06,0,0,0,0,,,,,155.0,,5,,,,units unclear,13.89,32971846.0,25129,29.1,7151,4455,12236706,3.5,85755,5.95,4.8,,,1.6
PER,Peru,2020-03-07,1,1,0,0,0.03,0.03,0.0,0.0,219.0,64.0,0.006999999999999999,2,,,units unclear,13.89,32971846.0,25129,29.1,7151,4455,12236706,3.5,85755,5.95,4.8,,,1.6
PER,Peru,2020-03-08,0,0,0,0,,,,,250.0,31.0,8,1,,,units unclear,13.89,32971846.0,25129,29.1,7151,4455,12236706,3.5,85755,5.95,4.8,,,1.6
PER,Peru,2020-03-09,7,6,0,0,212,182,0.0,0.0,318.0,68.0,0.01,2,,,units unclear,13.89,32971846.0,25129,29.1,7151,4455,12236706,3.5,85755,5.95,4.8,,,1.6
PER,Peru,2020-03-10,9,2,0,0,273,61,0.0,0.0,346.0,28.0,0.01,1,,,units unclear,13.89,32971846.0,25129,29.1,7151,4455,12236706,3.5,85755,5.95,4.8,,,1.6
PER,Peru,2020-03-11,11,2,0,0,334,61,0.0,0.0,656.0,310.0,0.02,9,78.0,2,units unclear,16.67,32971846.0,25129,29.1,7151,4455,12236706,3.5,85755,5.95,4.8,,,1.6
PER,Peru,2020-03-12,17,6,0,0,516,182,0.0,0.0,,,,,102.0,3,units unclear,46.03,32971846.0,25129,29.1,7151,4455,12236706,3.5,85755,5.95,4.8,,,1.6
PER,Peru,2020-03-13,22,5,0,0,667,152,0.0,0.0,,,,,126.0,4,units unclear,46.03,32971846.0,25129,29.1,7151,4455,12236706,3.5,85755,5.95,4.8,,,1.6
PER,Peru,2020-03-14,38,16,0,0,1152,485,0.0,0.0,1232.0,,0.037000000000000005,,145.0,4,units unclear,53.17,32971846.0,25129,29.1,7151,4455,12236706,3.5,85755,5.95,4.8,,,1.6
PER,Peru,2020-03-15,43,5,0,0,1304,152,0.0,0.0,1822.0,590.0,55,18,225.0,0.006999999999999999,units unclear,76.72,32971846.0,25129,29.1,7151,4455,12236706,3.5,85755,5.95,4.8,,,1.6
PER,Peru,2020-03-16,71,28,0,0,2153,849,0.0,0.0,2315.0,493.0,0.07,15,285.0,0.009000000000000001,units unclear,93.38,32971846.0,25129,29.1,7151,4455,12236706,3.5,85755,5.95,4.8,,,1.6
PER,Peru,2020-03-17,86,15,0,0,2608,455,0.0,0.0,2797.0,482.0,85,15,350.0,0.011000000000000001,units unclear,93.38,32971846.0,25129,29.1,7151,4455,12236706,3.5,85755,5.95,4.8,,,1.6
PER,Peru,2020-03-18,117,31,0,0,3548,0.94,0.0,0.0,3075.0,278.0,0.09300000000000001,8,346.0,0.01,units unclear,96.03,32971846.0,25129,29.1,7151,4455,12236706,3.5,85755,5.95,4.8,,,1.6
PER,Peru,2020-03-19,145,28,0,0,4398,849,0.0,0.0,3841.0,766.0,0.11599999999999999,23,428.0,0.013000000000000001,units unclear,96.03,32971846.0,25129,29.1,7151,4455,12236706,3.5,85755,5.95,4.8,,,1.6
PER,Peru,2020-03-20,234,89,2,2,7097,2699,61,61,4298.0,457.0,0.13,14,465.0,0.013999999999999999,units unclear,96.03,32971846.0,25129,29.1,7151,4455,12236706,3.5,85755,5.95,4.8,,,1.6
PER,Peru,2020-03-21,263,29,3,1,7977,0.88,91,0.03,5185.0,887.0,157,27,565.0,17,units unclear,96.03,32971846.0,25129,29.1,7151,4455,12236706,3.5,85755,5.95,4.8,,,1.6
PER,Peru,2020-03-22,318,55,5,2,9645,1668,152,61,6184.0,999.0,188,0.03,623.0,19,units unclear,96.03,32971846.0,25129,29.1,7151,4455,12236706,3.5,85755,5.95,4.8,,,1.6
PER,Peru,2020-03-23,363,45,5,0,11009,1365,152,0.0,7013.0,829.0,213,25,671.0,0.02,units unclear,96.03,32971846.0,25129,29.1,7151,4455,12236706,3.5,85755,5.95,4.8,,,1.6
PER,Peru,2020-03-24,395,32,5,0,11.98,971,152,0.0,7486.0,473.0,0.22699999999999998,14,670.0,0.02,units unclear,96.03,32971846.0,25129,29.1,7151,4455,12236706,3.5,85755,5.95,4.8,,,1.6
PER,Peru,2020-03-25,416,21,7,2,12617,637,212,61,8040.0,554.0,244,17,709.0,0.022000000000000002,units unclear,96.03,32971846.0,25129,29.1,7151,4455,12236706,3.5,85755,5.95,4.8,,,1.6
PER,Peru,2020-03-26,558,142,8,1,16924,4307,243,0.03,9219.0,1179.0,0.28,36,768.0,23,units unclear,96.03,32971846.0,25129,29.1,7151,4455,12236706,3.5,85755,5.95,4.8,,,1.6
PER,Peru,2020-03-27,580,22,9,1,17591,667,273,0.03,10065.0,846.0,305,26,824.0,25,units unclear,96.03,32971846.0,25129,29.1,7151,4455,12236706,3.5,85755,5.95,4.8,,,1.6
PER,Peru,2020-03-28,635,55,11,2,19259,1668,334,61,10896.0,831.0,0.33,25,816.0,25,units unclear,96.03,32971846.0,25129,29.1,7151,4455,12236706,3.5,85755,5.95,4.8,,,1.6
PER,Peru,2020-03-29,671,36,16,5,20351,1092,485,152,12669.0,1773.0,384,54,926.0,0.027999999999999997,units unclear,96.03,32971846.0,25129,29.1,7151,4455,12236706,3.5,85755,5.95,4.8,,,1.6
PER,Peru,2020-03-30,852,181,18,2,25.84,5.49,546,61,13452.0,783.0,408,24,920.0,0.027999999999999997,units unclear,96.03,32971846.0,25129,29.1,7151,4455,12236706,3.5,85755,5.95,4.8,,,1.6
PER,Peru,2020-03-31,950,98,24,6,28812,2972,728,182,14463.0,1011.0,439,31,997.0,0.03,units unclear,96.03,32971846.0,25129,29.1,7151,4455,12236706,3.5,85755,5.95,4.8,,,1.6
PER,Peru,2020-04-01,1065,115,30,6,32.3,3488,0.91,182,15587.0,1124.0,473,34,1078.0,33,units unclear,96.03,32971846.0,25129,29.1,7151,4455,12236706,3.5,85755,5.95,4.8,,,1.6
PER,Peru,2020-04-02,1323,258,47,17,40125,7825,1425,516,16518.0,931.0,501,28,1043.0,32,units unclear,96.03,32971846.0,25129,29.1,7151,4455,12236706,3.5,85755,5.95,4.8,,,1.6
PER,Peru,2020-04-03,1414,91,55,8,42885,2.76,1668,243,17334.0,816.0,526,25,1038.0,31,units unclear,96.03,32971846.0,25129,29.1,7151,4455,12236706,3.5,85755,5.95,4.8,,,1.6
PER,Peru,2020-04-04,1595,181,61,6,48375,5.49,1.85,182,17841.0,507.0,541,15,992.0,0.03,units unclear,96.03,32971846.0,25129,29.1,7151,4455,12236706,3.5,85755,5.95,4.8,,,1.6
PER,Peru,2020-04-05,1746,151,73,12,52954,4.58,2214,364,19410.0,1569.0,589,48,963.0,0.028999999999999998,units unclear,96.03,32971846.0,25129,29.1,7151,4455,12236706,3.5,85755,5.95,4.8,,,1.6
PER,Peru,2020-04-06,2281,535,83,10,69.18,16226,2517,303,20414.0,1004.0,619,0.03,995.0,0.03,units unclear,96.03,32971846.0,25129,29.1,7151,4455,12236706,3.5,85755,5.95,4.8,,,1.6
PER,Peru,2020-04-07,2561,280,92,9,77672,8492,2.79,273,21555.0,1141.0,654,35,1013.0,31,units unclear,96.03,32971846.0,25129,29.1,7151,4455,12236706,3.5,85755,5.95,4.8,,,1.6
PER,Peru,2020-04-08,2954,393,107,15,89592,11919,3245,455,23255.0,1700.0,705,52,1095.0,33,units unclear,96.03,32971846.0,25129,29.1,7151,4455,12236706,3.5,85755,5.95,4.8,,,1.6
PER,Peru,2020-04-09,4342,1388,121,14,131688,42097,3.67,425,24410.0,1155.0,0.74,35,1127.0,34,units unclear,96.03,32971846.0,25129,29.1,7151,4455,12236706,3.5,85755,5.95,4.8,,,1.6
PER,Peru,2020-04-10,5256,914,138,17,159409,27721,4185,516,25643.0,1233.0,778,37,1187.0,0.036000000000000004,units unclear,96.03,32971846.0,25129,29.1,7151,4455,12236706,3.5,85755,5.95,4.8,,,1.6
PER,Peru,2020-04-11,5897,641,169,31,178.85,19441,5126,0.94,27519.0,1876.0,835,57,1383.0,42,units unclear,96.03,32971846.0,25129,29.1,7151,4455,12236706,3.5,85755,5.95,4.8,,,1.6
PER,Peru,2020-04-12,6848,951,181,12,207692,28843,5.49,364,31234.0,3715.0,0.9470000000000001,113,1689.0,51,units unclear,96.03,32971846.0,25129,29.1,7151,4455,12236706,3.5,85755,5.95,4.8,,,1.6
PER,Peru,2020-04-13,7519,671,193,12,228043,20351,5853,364,32644.0,1410.0,0.99,43,1747.0,53,units unclear,96.03,32971846.0,25129,29.1,7151,4455,12236706,3.5,85755,5.95,4.8,,,1.6
PER,Peru,2020-04-14,7519,0,193,0,228043,0.0,5853,0.0,33366.0,722.0,1012,22,1687.0,51,units unclear,96.03,32971846.0,25129,29.1,7151,4455,12236706,3.5,85755,5.95,4.8,,,1.6
PER,Peru,2020-04-15,10303,2784,230,37,312479,84436,6976,1122,34901.0,1535.0,1.0590000000000002,47,1664.0,0.05,units unclear,96.03,32971846.0,25129,29.1,7151,4455,12236706,3.5,85755,5.95,4.8,,,1.6
PER,Peru,2020-04-16,11475,1172,254,24,348024,35545,7704,728,36090.0,1189.0,1095,36,1669.0,51,units unclear,96.03,32971846.0,25129,29.1,7151,4455,12236706,3.5,85755,5.95,4.8,,,1.6
PER,Peru,2020-04-17,12491,1016,274,20,378838,30814,8.31,607,,,,,1662.0,0.05,units unclear,96.03,32971846.0,25129,29.1,7151,4455,12236706,3.5,85755,5.95,4.8,,,1.6
PER,Peru,2020-04-18,13489,998,300,26,409107,30268,9099,789,38462.0,,1167,,1563.0,47,units unclear,96.03,32971846.0,25129,29.1,7151,4455,12236706,3.5,85755,5.95,4.8,,,1.6
PER,Peru,2020-04-19,14420,931,348,48,437343,28236,10554,1456,40028.0,1566.0,1214,47,1256.0,38,units unclear,96.03,32971846.0,25129,29.1,7151,4455,12236706,3.5,85755,5.95,4.8,,,1.6
PER,Peru,2020-04-20,15628,1208,400,52,473.98,36637,12132,1577,41356.0,1328.0,1254,0.04,1245.0,38,units unclear,96.03,32971846.0,25129,29.1,7151,4455,12236706,3.5,85755,5.95,4.8,,,1.6
PER,Peru,2020-04-21,16325,697,445,45,495119,21139,13496,1365,42748.0,1392.0,1297,42,1340.0,0.040999999999999995,units unclear,96.03,32971846.0,25129,29.1,7151,4455,12236706,3.5,85755,5.95,4.8,,,1.6
PER,Peru,2020-04-22,17837,1512,484,39,540977,45857,14679,1183,44421.0,1673.0,1347,51,1360.0,0.040999999999999995,units unclear,96.03,32971846.0,25129,29.1,7151,4455,12236706,3.5,85755,5.95,4.8,,,1.6
PER,Peru,2020-04-23,19250,1413,530,46,583831,42855,16074,1395,45715.0,1294.0,1386,39,1375.0,42,units unclear,96.03,32971846.0,25129,29.1,7151,4455,12236706,3.5,85755,5.95,4.8,,,1.6
PER,Peru,2020-04-24,20914,1664,572,42,634299,50467,17348,1274,47624.0,1909.0,1444,58,1478.0,45,units unclear,96.03,32971846.0,25129,29.1,7151,4455,12236706,3.5,85755,5.95,4.8,,,1.6
PER,Peru,2020-04-25,21648,734,634,62,656.56,22261,19229,1.88,49546.0,1922.0,1.5030000000000001,58,1583.0,48,units unclear,96.03,32971846.0,25129,29.1,7151,4455,12236706,3.5,85755,5.95,4.8,,,1.6
PER,Peru,2020-04-26,25331,3683,700,66,768262,111701,21.23,2002,51316.0,1770.0,1556,54,1613.0,49,units unclear,96.03,32971846.0,25129,29.1,7151,4455,12236706,3.5,85755,5.95,4.8,,,1.6
PER,Peru,2020-04-27,27517,2186,728,28,834.56,66299,22079,849,,,,,1520.0,46,units unclear,96.03,32971846.0,25129,29.1,7151,4455,12236706,3.5,85755,5.95,4.8,,,1.6
PER,Peru,2020-04-28,28699,1182,782,54,870409,35849,23717,1638,52672.0,,1597,,1418.0,43,units unclear,96.03,32971846.0,25129,29.1,7151,4455,12236706,3.5,85755,5.95,4.8,,,1.6
PER,Peru,2020-04-29,31190,2491,854,72,945959,75549,25901,2184,54540.0,1868.0,1.6540000000000001,57,1446.0,0.044000000000000004,units unclear,96.03,32971846.0,25129,29.1,7151,4455,12236706,3.5,85755,5.95,4.8,,,1.6
PER,Peru,2020-04-30,33931,2741,943,89,1029.09,83132,28.6,2699,58118.0,3578.0,1.7630000000000001,109,1772.0,0.054000000000000006,units unclear,96.03,32971846.0,25129,29.1,7151,4455,12236706,3.5,85755,5.95,4.8,,,1.6
PER,Peru,2020-05-01,36976,3045,1051,108,1121442,92352,31876,3276,60381.0,2263.0,1831,69,1822.0,55,units unclear,100.0,32971846.0,25129,29.1,7151,4455,12236706,3.5,85755,5.95,4.8,,,1.6
PER,Peru,2020-05-02,40459,3483,1124,73,1227077,105636,34.09,2214,,,,,1819.0,55,units unclear,100.0,32971846.0,25129,29.1,7151,4455,12236706,3.5,85755,5.95,4.8,,,1.6
PER,Peru,2020-05-03,42534,2075,1200,76,1290.01,62932,36395,2305,64178.0,,1946,,1837.0,0.055999999999999994,units unclear,100.0,32971846.0,25129,29.1,7151,4455,12236706,3.5,85755,5.95,4.8,,,1.6
PER,Peru,2020-05-04,45928,3394,1286,86,1392946,102936,39003,2608,65792.0,1614.0,1995,49,1971.0,0.06,units unclear,100.0,32971846.0,25129,29.1,7151,4455,12236706,3.5,85755,5.95,4.8,,,1.6
PER,Peru,2020-05-05,47372,1444,1344,58,1436741,43795,40762,1759,67563.0,1771.0,2049,54,2127.0,65,units unclear,100.0,32971846.0,25129,29.1,7151,4455,12236706,3.5,85755,5.95,4.8,,,1.6
PER,Peru,2020-05-06,51189,3817,1444,100,1552506,115765,43795,3033,,,,,2238.0,68,units unclear,100.0,32971846.0,25129,29.1,7151,4455,12236706,3.5,85755,5.95,4.8,,,1.6
PER,Peru,2020-05-07,54817,3628,1533,89,1662.54,110033,46494,2699,72844.0,,2209,,2104.0,64,units unclear,100.0,32971846.0,25129,29.1,7151,4455,12236706,3.5,85755,5.95,4.8,,,1.6
PER,Peru,2020-05-08,58526,3709,1627,94,1775.03,112.49,49345,2851,74902.0,2058.0,2272,62,2074.0,63,units unclear,100.0,32971846.0,25129,29.1,7151,4455,12236706,3.5,85755,5.95,4.8,,,1.6
PER,Peru,2020-05-09,61847,3321,1714,87,1875752,100722,51984,2639,,,,,2161.0,66,units unclear,100.0,32971846.0,25129,29.1,7151,4455,12236706,3.5,85755,5.95,4.8,,,1.6
PER,Peru,2020-05-10,65015,3168,1814,100,1971834,96082,55017,3033,79906.0,,2423,,2247.0,68,units unclear,100.0,32971846.0,25129,29.1,7151,4455,12236706,3.5,85755,5.95,4.8,,,1.6
PER,Peru,2020-05-11,67307,2292,1889,75,2041348,69514,57291,2275,83676.0,3770.0,2.5380000000000003,114,2555.0,77,units unclear,97.35,32971846.0,25129,29.1,7151,4455,12236706,3.5,85755,5.95,4.8,,,1.6
PER,Peru,2020-05-12,68822,1515,1961,72,2087296,45948,59475,2184,85594.0,1918.0,2596,58,2576.0,78,units unclear,97.35,32971846.0,25129,29.1,7151,4455,12236706,3.5,85755,5.95,4.8,,,1.6
PER,Peru,2020-05-13,72059,3237,2057,96,2185471,98175,62387,2912,87791.0,2197.0,2.6630000000000003,67,2512.0,76,units unclear,97.35,32971846.0,25129,29.1,7151,4455,12236706,3.5,85755,5.95,4.8,,,1.6
PER,Peru,2020-05-14,76306,4247,2169,112,2314277,128807,65783,3397,,,,,2488.0,75,units unclear,97.35,32971846.0,25129,29.1,7151,4455,12236706,3.5,85755,5.95,4.8,,,1.6
PER,Peru,2020-05-15,80604,4298,2267,98,2444631,130354,68756,2972,92725.0,,2812,,2546.0,77,units unclear,97.35,32971846.0,25129,29.1,7151,4455,12236706,3.5,85755,5.95,4.8,,,1.6
PER,Peru,2020-05-16,84495,3891,2393,126,2562641,118.01,72577,3821,96747.0,4022.0,2.9339999999999997,122,2763.0,84,units unclear,97.35,32971846.0,25129,29.1,7151,4455,12236706,3.5,85755,5.95,4.8,,,1.6
PER,Peru,2020-05-17,88541,4046,2523,130,2685352,122711,76.52,3943,100042.0,3295.0,3034,0.1,2877.0,87,units unclear,97.35,32971846.0,25129,29.1,7151,4455,12236706,3.5,85755,5.95,4.8,,,1.6
PER,Peru,2020-05-18,92273,3732,2648,125,2798539,113187,80311,3791,102839.0,2797.0,3.1189999999999998,85,2738.0,83,units unclear,97.35,32971846.0,25129,29.1,7151,4455,12236706,3.5,85755,5.95,4.8,,,1.6
PER,Peru,2020-05-19,94933,2660,2789,141,2879214,80675,84587,4276,105627.0,2788.0,3.2039999999999997,85,2862.0,87,units unclear,,32971846.0,25129,29.1,7151,4455,12236706,3.5,85755,5.95,4.8,,,1.6
PER,Peru,2020-05-20,99483,4550,2914,125,3017211,137997,88378,3791,108481.0,2854.0,3.29,87,2956.0,0.09,units unclear,,32971846.0,25129,29.1,7151,4455,12236706,3.5,85755,5.95,4.8,,,1.6
CHL,Chile,2020-03-04,1,1,0,0,52,52,0.0,0.0,,,,,,,,0.0,19116209.0,24282,35.4,11087,6938,22767037,1.3,127993,8.46,34.2,41.5,,2.11
CHL,Chile,2020-03-05,3,2,0,0,157,105,0.0,0.0,,,,,,,,0.0,19116209.0,24282,35.4,11087,6938,22767037,1.3,127993,8.46,34.2,41.5,,2.11
CHL,Chile,2020-03-06,4,1,0,0,209,52,0.0,0.0,,,,,,,,0.0,19116209.0,24282,35.4,11087,6938,22767037,1.3,127993,8.46,34.2,41.5,,2.11
CHL,Chile,2020-03-07,5,1,0,0,262,52,0.0,0.0,,,,,,,,0.0,19116209.0,24282,35.4,11087,6938,22767037,1.3,127993,8.46,34.2,41.5,,2.11
CHL,Chile,2020-03-09,10,5,0,0,523,262,0.0,0.0,,,,,,,,0.0,19116209.0,24282,35.4,11087,6938,22767037,1.3,127993,8.46,34.2,41.5,,2.11
CHL,Chile,2020-03-10,13,3,0,0,0.68,157,0.0,0.0,,,,,,,,0.0,19116209.0,24282,35.4,11087,6938,22767037,1.3,127993,8.46,34.2,41.5,,2.11
CHL,Chile,2020-03-11,17,4,0,0,889,209,0.0,0.0,,,,,,,,0.0,19116209.0,24282,35.4,11087,6938,22767037,1.3,127993,8.46,34.2,41.5,,2.11
CHL,Chile,2020-03-12,23,6,0,0,1203,314,0.0,0.0,,,,,,,,0.0,19116209.0,24282,35.4,11087,6938,22767037,1.3,127993,8.46,34.2,41.5,,2.11
CHL,Chile,2020-03-13,33,10,0,0,1726,523,0.0,0.0,,,,,,,,0.0,19116209.0,24282,35.4,11087,6938,22767037,1.3,127993,8.46,34.2,41.5,,2.11
CHL,Chile,2020-03-14,43,10,0,0,2249,523,0.0,0.0,,,,,,,,11.11,19116209.0,24282,35.4,11087,6938,22767037,1.3,127993,8.46,34.2,41.5,,2.11
CHL,Chile,2020-03-15,61,18,0,0,3191,942,0.0,0.0,,,,,,,,22.22,19116209.0,24282,35.4,11087,6938,22767037,1.3,127993,8.46,34.2,41.5,,2.11
CHL,Chile,2020-03-16,75,14,0,0,3923,732,0.0,0.0,,,,,,,,48.41,19116209.0,24282,35.4,11087,6938,22767037,1.3,127993,8.46,34.2,41.5,,2.11
CHL,Chile,2020-03-17,156,81,0,0,8161,4237,0.0,0.0,,,,,,,,48.41,19116209.0,24282,35.4,11087,6938,22767037,1.3,127993,8.46,34.2,41.5,,2.11
CHL,Chile,2020-03-18,201,45,0,0,10515,2354,0.0,0.0,,,,,,,,56.75,19116209.0,24282,35.4,11087,6938,22767037,1.3,127993,8.46,34.2,41.5,,2.11
CHL,Chile,2020-03-19,238,37,0,0,12.45,1936,0.0,0.0,,,,,,,,56.75,19116209.0,24282,35.4,11087,6938,22767037,1.3,127993,8.46,34.2,41.5,,2.11
CHL,Chile,2020-03-20,342,104,0,0,17891,5.44,0.0,0.0,,,,,,,,56.75,19116209.0,24282,35.4,11087,6938,22767037,1.3,127993,8.46,34.2,41.5,,2.11
CHL,Chile,2020-03-21,434,92,0,0,22703,4813,0.0,0.0,,,,,,,,54.1,19116209.0,24282,35.4,11087,6938,22767037,1.3,127993,8.46,34.2,41.5,,2.11
CHL,Chile,2020-03-22,537,103,0,0,28091,5388,0.0,0.0,,,,,,,,62.04,19116209.0,24282,35.4,11087,6938,22767037,1.3,127993,8.46,34.2,41.5,,2.11
CHL,Chile,2020-03-23,632,95,1,1,33061,4.97,52,52,,,,,,,,62.04,19116209.0,24282,35.4,11087,6938,22767037,1.3,127993,8.46,34.2,41.5,,2.11
CHL,Chile,2020-03-24,746,114,2,1,39024,5964,105,52,,,,,,,,62.04,19116209.0,24282,35.4,11087,6938,22767037,1.3,127993,8.46,34.2,41.5,,2.11
CHL,Chile,2020-03-25,922,176,2,0,48231,9207,105,0.0,,,,,,,,83.6,19116209.0,24282,35.4,11087,6938,22767037,1.3,127993,8.46,34.2,41.5,,2.11
CHL,Chile,2020-03-26,1142,220,3,1,59.74,11509,157,52,,,,,,,,83.6,19116209.0,24282,35.4,11087,6938,22767037,1.3,127993,8.46,34.2,41.5,,2.11
CHL,Chile,2020-03-27,1306,164,4,1,68319,8579,209,52,,,,,,,,83.6,19116209.0,24282,35.4,11087,6938,22767037,1.3,127993,8.46,34.2,41.5,,2.11
CHL,Chile,2020-03-28,1610,304,5,1,84222,15903,262,52,,,,,,,,83.6,19116209.0,24282,35.4,11087,6938,22767037,1.3,127993,8.46,34.2,41.5,,2.11
CHL,Chile,2020-03-29,1909,299,6,1,99863,15641,314,52,,,,,,,,83.6,19116209.0,24282,35.4,11087,6938,22767037,1.3,127993,8.46,34.2,41.5,,2.11
CHL,Chile,2020-03-30,2139,230,7,1,111895,12032,366,52,,,,,,,,83.6,19116209.0,24282,35.4,11087,6938,22767037,1.3,127993,8.46,34.2,41.5,,2.11
CHL,Chile,2020-03-31,2449,310,8,1,128111,16217,418,52,,,,,,,,83.6,19116209.0,24282,35.4,11087,6938,22767037,1.3,127993,8.46,34.2,41.5,,2.11
CHL,Chile,2020-04-01,2738,289,12,4,143229,15118,628,209,38040.0,,1.99,,,,tests performed,75.66,19116209.0,24282,35.4,11087,6938,22767037,1.3,127993,8.46,34.2,41.5,,2.11
CHL,Chile,2020-04-02,3031,293,16,4,158557,15327,837,209,40725.0,2685.0,2.13,0.14,,,tests performed,75.66,19116209.0,24282,35.4,11087,6938,22767037,1.3,127993,8.46,34.2,41.5,,2.11
CHL,Chile,2020-04-03,3404,373,18,2,178069,19512,942,105,44130.0,3405.0,2309,178,,,tests performed,75.66,19116209.0,24282,35.4,11087,6938,22767037,1.3,127993,8.46,34.2,41.5,,2.11
CHL,Chile,2020-04-04,3737,333,22,4,195489,17.42,1151,209,48613.0,4483.0,2543,235,,,tests performed,75.66,19116209.0,24282,35.4,11087,6938,22767037,1.3,127993,8.46,34.2,41.5,,2.11
CHL,Chile,2020-04-05,4161,424,27,5,217669,22.18,1412,262,51956.0,3343.0,2718,175,,,tests performed,75.66,19116209.0,24282,35.4,11087,6938,22767037,1.3,127993,8.46,34.2,41.5,,2.11
CHL,Chile,2020-04-06,4471,310,34,7,233885,16217,1779,366,54864.0,2908.0,2.87,152,,,tests performed,75.66,19116209.0,24282,35.4,11087,6938,22767037,1.3,127993,8.46,34.2,41.5,,2.11
CHL,Chile,2020-04-07,4815,344,37,3,251.88,17995,1936,157,57122.0,2258.0,2988,118,,,tests performed,75.66,19116209.0,24282,35.4,11087,6938,22767037,1.3,127993,8.46,34.2,41.5,,2.11
CHL,Chile,2020-04-08,5116,301,43,6,267626,15746,2249,314,60391.0,3269.0,3159,171,3193.0,0.16699999999999998,tests performed,75.66,19116209.0,24282,35.4,11087,6938,22767037,1.3,127993,8.46,34.2,41.5,,2.11
CHL,Chile,2020-04-09,5546,430,48,5,290.12,22494,2511,262,68353.0,7962.0,3576,417,3947.0,0.20600000000000002,tests performed,75.66,19116209.0,24282,35.4,11087,6938,22767037,1.3,127993,8.46,34.2,41.5,,2.11
CHL,Chile,2020-04-10,5972,426,57,9,312405,22285,2982,471,72797.0,4444.0,3.8080000000000003,232,4095.0,214,tests performed,75.66,19116209.0,24282,35.4,11087,6938,22767037,1.3,127993,8.46,34.2,41.5,,2.11
CHL,Chile,2020-04-11,6501,529,65,8,340078,27673,3.4,418,76374.0,3577.0,3995,187,3966.0,207,tests performed,75.66,19116209.0,24282,35.4,11087,6938,22767037,1.3,127993,8.46,34.2,41.5,,2.11
CHL,Chile,2020-04-12,6927,426,73,8,362363,22285,3819,418,82271.0,5897.0,4.303999999999999,308,4331.0,0.22699999999999998,tests performed,75.66,19116209.0,24282,35.4,11087,6938,22767037,1.3,127993,8.46,34.2,41.5,,2.11
CHL,Chile,2020-04-13,7213,286,80,7,377324,14961,4185,366,85035.0,2764.0,4448,145,4310.0,225,tests performed,75.66,19116209.0,24282,35.4,11087,6938,22767037,1.3,127993,8.46,34.2,41.5,,2.11
CHL,Chile,2020-04-14,7525,312,82,2,393645,16321,4.29,105,87794.0,2759.0,4593,144,4382.0,0.22899999999999998,tests performed,75.66,19116209.0,24282,35.4,11087,6938,22767037,1.3,127993,8.46,34.2,41.5,,2.11
CHL,Chile,2020-04-15,7917,392,92,10,414151,20506,4813,523,91873.0,4079.0,4806,213,4497.0,235,tests performed,75.66,19116209.0,24282,35.4,11087,6938,22767037,1.3,127993,8.46,34.2,41.5,,2.11
CHL,Chile,2020-04-16,8273,356,94,2,432774,18623,4917,105,98424.0,6551.0,5149,343,4296.0,225,tests performed,75.66,19116209.0,24282,35.4,11087,6938,22767037,1.3,127993,8.46,34.2,41.5,,2.11
CHL,Chile,2020-04-17,8807,534,105,11,460709,27934,5493,575,103873.0,5449.0,5434,285,4439.0,0.23199999999999998,tests performed,75.66,19116209.0,24282,35.4,11087,6938,22767037,1.3,127993,8.46,34.2,41.5,,2.11
CHL,Chile,2020-04-18,9252,445,116,11,483987,23279,6068,575,108891.0,5018.0,5.696000000000001,262,4645.0,243,tests performed,75.66,19116209.0,24282,35.4,11087,6938,22767037,1.3,127993,8.46,34.2,41.5,,2.11
CHL,Chile,2020-04-19,9730,478,126,10,508992,25005,6591,523,113649.0,4758.0,5945,249,4483.0,235,tests performed,75.66,19116209.0,24282,35.4,11087,6938,22767037,1.3,127993,8.46,34.2,41.5,,2.11
CHL,Chile,2020-04-20,10088,358,133,7,527.72,18728,6957,366,118827.0,5178.0,6216,271,4827.0,253,tests performed,75.66,19116209.0,24282,35.4,11087,6938,22767037,1.3,127993,8.46,34.2,41.5,,2.11
CHL,Chile,2020-04-21,10507,419,139,6,549638,21919,7271,314,122357.0,3530.0,6401,185,4938.0,258,tests performed,75.66,19116209.0,24282,35.4,11087,6938,22767037,1.3,127993,8.46,34.2,41.5,,2.11
CHL,Chile,2020-04-22,10832,325,147,8,566.64,17001,7.69,418,128722.0,6365.0,6734,333,5264.0,275,tests performed,75.66,19116209.0,24282,35.4,11087,6938,22767037,1.3,127993,8.46,34.2,41.5,,2.11
CHL,Chile,2020-04-23,11296,464,160,13,590912,24273,8.37,0.68,135147.0,6425.0,7.07,336,5246.0,0.27399999999999997,tests performed,75.66,19116209.0,24282,35.4,11087,6938,22767037,1.3,127993,8.46,34.2,41.5,,2.11
CHL,Chile,2020-04-24,11812,516,168,8,617905,26993,8788,418,142267.0,7120.0,7442,372,5485.0,287,tests performed,75.66,19116209.0,24282,35.4,11087,6938,22767037,1.3,127993,8.46,34.2,41.5,,2.11
CHL,Chile,2020-04-25,12306,494,174,6,643747,25842,9102,314,149212.0,6945.0,7806,363,5760.0,301,tests performed,75.66,19116209.0,24282,35.4,11087,6938,22767037,1.3,127993,8.46,34.2,41.5,,2.11
CHL,Chile,2020-04-26,12858,552,181,7,672623,28876,9468,366,155975.0,6763.0,8.158999999999999,354,6047.0,316,tests performed,75.66,19116209.0,24282,35.4,11087,6938,22767037,1.3,127993,8.46,34.2,41.5,,2.11
CHL,Chile,2020-04-27,13331,473,189,8,697366,24743,9887,418,161235.0,5260.0,8434,275,6058.0,317,tests performed,75.66,19116209.0,24282,35.4,11087,6938,22767037,1.3,127993,8.46,34.2,41.5,,2.11
CHL,Chile,2020-04-28,13813,482,198,9,722581,25214,10358,471,166165.0,4930.0,8692,258,6258.0,327,tests performed,75.66,19116209.0,24282,35.4,11087,6938,22767037,1.3,127993,8.46,34.2,41.5,,2.11
CHL,Chile,2020-04-29,14365,552,207,9,751457,28876,10829,471,172619.0,6454.0,9.03,338,6271.0,0.32799999999999996,tests performed,75.66,19116209.0,24282,35.4,11087,6938,22767037,1.3,127993,8.46,34.2,41.5,,2.11
CHL,Chile,2020-04-30,14885,520,216,9,778659,27202,11299,471,180517.0,7898.0,9443,413,6481.0,0.33899999999999997,tests performed,75.66,19116209.0,24282,35.4,11087,6938,22767037,1.3,127993,8.46,34.2,41.5,,2.11
CHL,Chile,2020-05-01,16023,1138,227,11,838189,59531,11875,575,189433.0,8916.0,9.91,466,6738.0,0.35200000000000004,tests performed,75.66,19116209.0,24282,35.4,11087,6938,22767037,1.3,127993,8.46,34.2,41.5,,2.11
CHL,Chile,2020-05-02,17008,985,234,7,889716,51527,12241,366,199400.0,9967.0,10431,521,7170.0,375,tests performed,75.66,19116209.0,24282,35.4,11087,6938,22767037,1.3,127993,8.46,34.2,41.5,,2.11
CHL,Chile,2020-05-03,18435,1427,247,13,964365,74649,12921,0.68,206218.0,6818.0,10788,357,7178.0,375,tests performed,75.66,19116209.0,24282,35.4,11087,6938,22767037,1.3,127993,8.46,34.2,41.5,,2.11
CHL,Chile,2020-05-04,19663,1228,260,13,1028604,64239,13601,0.68,214131.0,7913.0,11202,414,7557.0,395,tests performed,75.66,19116209.0,24282,35.4,11087,6938,22767037,1.3,127993,8.46,34.2,41.5,,2.11
CHL,Chile,2020-05-05,20643,980,270,10,1079869,51265,14124,523,222095.0,7964.0,11618,417,7990.0,418,tests performed,75.66,19116209.0,24282,35.4,11087,6938,22767037,1.3,127993,8.46,34.2,41.5,,2.11
CHL,Chile,2020-05-06,22016,1373,275,5,1151693,71824,14386,262,232108.0,10013.0,12.142000000000001,524,8498.0,445,tests performed,75.66,19116209.0,24282,35.4,11087,6938,22767037,1.3,127993,8.46,34.2,41.5,,2.11
CHL,Chile,2020-05-07,23048,1032,281,6,1205678,53986,14.7,314,244226.0,12118.0,12776,634,9101.0,0.47600000000000003,tests performed,75.66,19116209.0,24282,35.4,11087,6938,22767037,1.3,127993,8.46,34.2,41.5,,2.11
CHL,Chile,2020-05-08,24581,1533,285,4,1285872,80194,14909,209,255961.0,11735.0,13.39,614,9504.0,0.49700000000000005,tests performed,78.83,19116209.0,24282,35.4,11087,6938,22767037,1.3,127993,8.46,34.2,41.5,,2.11
CHL,Chile,2020-05-09,25972,1391,294,9,1358638,72765,15.38,471,267904.0,11943.0,14.014000000000001,625,9786.0,512,tests performed,78.83,19116209.0,24282,35.4,11087,6938,22767037,1.3,127993,8.46,34.2,41.5,,2.11
CHL,Chile,2020-05-10,27219,1247,304,10,1423.87,65233,15903,523,280684.0,12780.0,14683,669,10638.0,556,tests performed,78.83,19116209.0,24282,35.4,11087,6938,22767037,1.3,127993,8.46,34.2,41.5,,2.11
CHL,Chile,2020-05-11,28866,1647,312,8,1510027,86157,16321,418,294057.0,13373.0,15383,0.7,11418.0,597,tests performed,78.83,19116209.0,24282,35.4,11087,6938,22767037,1.3,127993,8.46,34.2,41.5,,2.11
CHL,Chile,2020-05-12,30063,1197,323,11,1572644,62617,16897,575,303340.0,9283.0,15868,486,11606.0,607,tests performed,78.83,19116209.0,24282,35.4,11087,6938,22767037,1.3,127993,8.46,34.2,41.5,,2.11
CHL,Chile,2020-05-13,31721,1658,335,12,1659377,86733,17524,628,313750.0,10410.0,16413,545,11663.0,0.61,tests performed,78.83,19116209.0,24282,35.4,11087,6938,22767037,1.3,127993,8.46,34.2,41.5,,2.11
CHL,Chile,2020-05-14,34381,2660,346,11,1798526,139149,18.1,575,325417.0,11667.0,17023,0.61,11599.0,607,tests performed,78.83,19116209.0,24282,35.4,11087,6938,22767037,1.3,127993,8.46,34.2,41.5,,2.11
CHL,Chile,2020-05-15,37040,2659,358,12,1937623,139097,18728,628,341512.0,16095.0,17865,842,12222.0,639,tests performed,78.83,19116209.0,24282,35.4,11087,6938,22767037,1.3,127993,8.46,34.2,41.5,,2.11
CHL,Chile,2020-05-16,39542,2502,394,36,2068506,130884,20611,1883,350325.0,8813.0,18326,461,11774.0,616,tests performed,78.83,19116209.0,24282,35.4,11087,6938,22767037,1.3,127993,8.46,34.2,41.5,,2.11
CHL,Chile,2020-05-17,41428,1886,421,27,2167166,98.66,22023,1412,363496.0,13171.0,19015,689,11830.0,619,tests performed,78.83,19116209.0,24282,35.4,11087,6938,22767037,1.3,127993,8.46,34.2,41.5,,2.11
CHL,Chile,2020-05-18,43781,2353,450,29,2290255,123089,23.54,1517,381011.0,17515.0,19.930999999999997,916,12422.0,0.65,tests performed,,19116209.0,24282,35.4,11087,6938,22767037,1.3,127993,8.46,34.2,41.5,,2.11
CHL,Chile,2020-05-19,46059,2278,478,28,2409421,119166,25005,1465,397200.0,16189.0,20.778000000000002,847,13409.0,701,tests performed,,19116209.0,24282,35.4,11087,6938,22767037,1.3,127993,8.46,34.2,41.5,,2.11
CHL,Chile,2020-05-20,49579,3520,509,31,2593558,184137,26627,1622,409669.0,12469.0,21.43,652,13703.0,0.7170000000000001,tests performed,,19116209.0,24282,35.4,11087,6938,22767037,1.3,127993,8.46,34.2,41.5,,2.11
